Feature,Importance
Fwd_Packet_Length_Mean,0.08386340571875038
Avg_Fwd_Segment_Size,0.06318505845931044
Destination_Port,0.05839339046724344
Fwd_Packet_Length_Max,0.05689850138091077
Fwd_IAT_Mean,0.04198605271532749
Packet_Length_Variance,0.04022883196571345
Bwd_Packet_Length_Max,0.03952191145827656
Packet_Length_Std,0.03754598842853948
Bwd_Packet_Length_Min,0.036925301804044464
Total_Length_of_Fwd_Packets,0.03434003995561139
Max_Packet_Length,0.031999785638852626
Init_Win_bytes_forward,0.03127602120115514
Subflow_Fwd_Bytes,0.030569511612159216
Fwd_Header_Length.1,0.027678352954462367
Bwd_Packet_Length_Mean,0.027364215789156456
Avg_Bwd_Segment_Size,0.02736100327554221
Average_Packet_Size,0.026236762685859113
Fwd_Header_Length,0.02464279395785397
Flow_IAT_Std,0.021558770398289004
Bwd_Packet_Length_Std,0.01902776114127484
Fwd_Packet_Length_Std,0.017291176020648592
Fwd_IAT_Std,0.016048180811319594
Flow_IAT_Max,0.01532398967017802
Total_Length_of_Bwd_Packets,0.012941510980581187
Packet_Length_Mean,0.012748318222277597
Fwd_IAT_Max,0.011786442063104611
Subflow_Fwd_Packets,0.01006764074242748
Fwd_IAT_Min,0.00963037472122124
Total_Fwd_Packets,0.009179743936164936
act_data_pkt_fwd,0.008172714074911738
Init_Win_bytes_backward,0.008065210906100592
Flow_IAT_Mean,0.007401344227138942
Flow_Duration,0.007367782465010606
Fwd_IAT_Total,0.006786767719293941
Bwd_IAT_Std,0.0051858713250753944
Flow_Packets/s,0.005165305916566038
min_seg_size_forward,0.004972318573683802
Bwd_IAT_Mean,0.0049061967957054866
Bwd_Header_Length,0.004246582866636749
Flow_IAT_Min,0.004107464854031361
Bwd_IAT_Max,0.0040720481354998605
Fwd_PSH_Flags,0.004051284959560507
Subflow_Bwd_Bytes,0.0039881769792282215
Fwd_Packets/s,0.00394864003080606
PSH_Flag_Count,0.003624627488873601
SYN_Flag_Count,0.0031884445883086977
Total_Backward_Packets,0.003072183024749068
Min_Packet_Length,0.0029774980834015433
Bwd_IAT_Min,0.0029583019457144104
Active_Std,0.002801476877119904
Fwd_Packet_Length_Min,0.0026377296733612514
Bwd_IAT_Total,0.002486198480402055
Active_Max,0.0023314686574956757
Bwd_Packets/s,0.00212833208118797
ACK_Flag_Count,0.002041259824636397
Active_Min,0.0018330781350459928
Active_Mean,0.0017873455161348053
Subflow_Bwd_Packets,0.0017144783620813581
Idle_Std,0.001518767786413002
Flow_Bytes/s,0.0012436568862810252
Idle_Mean,0.001011893880146825
URG_Flag_Count,0.0010096543273139568
Idle_Max,0.0009485025703222942
Down/Up_Ratio,0.00031733360808747544
Idle_Min,0.00026487713475850444
FIN_Flag_Count,4.43430626588255e-05
RST_Flag_Count,0.0
Bwd_URG_Flags,0.0
Bwd_PSH_Flags,0.0
Fwd_URG_Flags,0.0
Bwd_Avg_Bulk_Rate,0.0
Bwd_Avg_Packets/Bulk,0.0
Bwd_Avg_Bytes/Bulk,0.0
Fwd_Avg_Bulk_Rate,0.0
Fwd_Avg_Packets/Bulk,0.0
Fwd_Avg_Bytes/Bulk,0.0
CWE_Flag_Count,0.0
ECE_Flag_Count,0.0
