feature,mean_abs_shap
Avg_Fwd_Segment_Size,0.07062070220421514
Fwd_Packet_Length_Mean,0.06118709668765708
Destination_Port,0.055684964591910725
Fwd_Packet_Length_Max,0.05397395156781575
Bwd_Packet_Length_Min,0.025142752006781725
Subflow_Fwd_Bytes,0.024358096065926607
Fwd_IAT_Mean,0.024161322385686978
Packet_Length_Variance,0.023789460348675347
Fwd_IAT_Max,0.02331438955656704
Total_Length_of_Fwd_Packets,0.022800007853990882
Bwd_Packet_Length_Max,0.020356675649558634
Bwd_Packet_Length_Std,0.018324161165180163
Flow_IAT_Std,0.014600579707957093
Max_Packet_Length,0.01446068266107834
Init_Win_bytes_backward,0.012818102586623577
Subflow_Bwd_Bytes,0.011306866096463612
Total_Length_of_Bwd_Packets,0.00986317279347466
Fwd_IAT_Total,0.009306045651172433
PSH_Flag_Count,0.008084357934563711
Fwd_IAT_Min,0.007717215856598943
Flow_IAT_Max,0.006830769341036585
Bwd_IAT_Max,0.004822328985493428
Total_Backward_Packets,0.0034990947869281397
Subflow_Bwd_Packets,0.003488473545707872
Active_Std,0.0032623476957222837
Fwd_Packets/s,0.0032516866127243332
ACK_Flag_Count,0.0030374366193868787
Active_Max,0.0028616686347020855
Bwd_IAT_Total,0.0012907134093613087
Idle_Max,0.0010802048166760662
